timestamp,src_ip,dst_ip,protocol,length
2025-10-24 17:28:17.505497,104.208.16.92,192.168.29.181,6,54
2025-10-24 17:28:17.621512,192.168.29.181,224.0.0.22,2,54
2025-10-24 17:28:18.107342,192.168.29.181,4.213.25.242,6,153
2025-10-24 17:28:18.139071,4.213.25.242,192.168.29.181,6,223
2025-10-24 17:28:18.203185,192.168.29.181,4.213.25.242,6,54
2025-10-24 17:28:19.107146,192.168.29.181,104.208.16.92,6,171
2025-10-24 17:28:19.111030,192.168.29.181,104.208.16.92,6,1494
2025-10-24 17:28:19.116092,192.168.29.181,104.208.16.92,6,1494
2025-10-24 17:28:19.116092,192.168.29.181,104.208.16.92,6,1494
2025-10-24 17:28:19.123581,192.168.29.181,104.208.16.92,6,1494
2025-10-24 17:28:19.125794,192.168.29.181,104.208.16.92,6,1494
2025-10-24 17:28:19.129053,192.168.29.181,104.208.16.92,6,1316
2025-10-24 17:28:19.630238,104.208.16.92,192.168.29.181,6,54
2025-10-24 17:28:19.630238,104.208.16.92,192.168.29.181,6,54
2025-10-24 17:28:19.630238,104.208.16.92,192.168.29.181,6,148
2025-10-24 17:28:19.675609,192.168.29.181,104.208.16.92,6,54
2025-10-24 17:28:19.826880,104.208.16.92,192.168.29.181,6,148
2025-10-24 17:28:19.826880,192.168.29.181,104.208.16.92,6,66
2025-10-24 17:28:21.254461,192.168.29.181,104.208.16.92,6,173
2025-10-24 17:28:21.255749,192.168.29.181,104.208.16.92,6,1494
2025-10-24 17:28:21.258581,192.168.29.181,104.208.16.92,6,1494
2025-10-24 17:28:21.260981,192.168.29.181,104.208.16.92,6,1494
2025-10-24 17:28:21.263391,192.168.29.181,104.208.16.92,6,1494
2025-10-24 17:28:21.263391,192.168.29.181,104.208.16.92,6,639
2025-10-24 17:28:21.577009,104.208.16.92,192.168.29.181,6,54
2025-10-24 17:28:21.578845,104.208.16.92,192.168.29.181,6,54
2025-10-24 17:28:21.578845,104.208.16.92,192.168.29.181,6,153
2025-10-24 17:28:21.618336,192.168.29.181,104.208.16.92,6,54
2025-10-24 17:28:23.359031,192.168.29.181,104.208.16.92,6,176
2025-10-24 17:28:23.363249,192.168.29.181,104.208.16.92,6,1494
2025-10-24 17:28:23.366702,192.168.29.181,104.208.16.92,6,1494
2025-10-24 17:28:23.366702,192.168.29.181,104.208.16.92,6,1414
2025-10-24 17:28:23.622080,104.208.16.92,192.168.29.181,6,54
2025-10-24 17:28:23.622080,104.208.16.92,192.168.29.181,6,54
2025-10-24 17:28:23.651112,104.208.16.92,192.168.29.181,6,148
2025-10-24 17:28:23.656266,192.168.29.181,104.208.16.92,6,89
2025-10-24 17:28:24.018981,104.208.16.92,192.168.29.181,6,54
2025-10-24 17:28:25.520095,192.168.29.181,104.208.16.92,6,171
2025-10-24 17:28:25.522533,192.168.29.181,104.208.16.92,6,1494
2025-10-24 17:28:25.522533,192.168.29.181,104.208.16.92,6,1494
2025-10-24 17:28:25.522533,192.168.29.181,104.208.16.92,6,1494
2025-10-24 17:28:25.528425,192.168.29.181,104.208.16.92,6,1494
2025-10-24 17:28:25.528425,192.168.29.181,104.208.16.92,6,639
2025-10-24 17:28:25.875614,104.208.16.92,192.168.29.181,6,54
2025-10-24 17:28:25.878926,104.208.16.92,192.168.29.181,6,54
2025-10-24 17:28:25.881406,104.208.16.92,192.168.29.181,6,148
2025-10-24 17:28:25.924822,192.168.29.181,104.208.16.92,6,54
2025-10-24 17:28:26.157534,104.208.16.92,192.168.29.181,6,148
2025-10-24 17:28:26.170665,192.168.29.181,104.208.16.92,6,66
2025-10-24 17:28:27.765485,192.168.29.181,104.208.16.92,6,196
2025-10-24 17:28:27.767615,192.168.29.181,104.208.16.92,6,1494
2025-10-24 17:28:27.769466,192.168.29.181,104.208.16.92,6,1494
2025-10-24 17:28:27.769466,192.168.29.181,104.208.16.92,6,1494
2025-10-24 17:28:27.769466,192.168.29.181,104.208.16.92,6,1494
2025-10-24 17:28:27.769466,192.168.29.181,104.208.16.92,6,639
2025-10-24 17:28:28.129655,104.208.16.92,192.168.29.181,6,54
2025-10-24 17:28:28.131467,104.208.16.92,192.168.29.181,6,54
2025-10-24 17:28:28.133479,104.208.16.92,192.168.29.181,6,54
2025-10-24 17:28:28.133479,104.208.16.92,192.168.29.181,6,149
2025-10-24 17:28:28.181516,192.168.29.181,104.208.16.92,6,54
2025-10-24 17:28:28.418949,104.208.16.92,192.168.29.181,6,149
2025-10-24 17:28:28.420735,192.168.29.181,104.208.16.92,6,66
2025-10-24 17:28:29.895652,192.168.29.181,104.208.16.92,6,509
2025-10-24 17:28:29.895652,192.168.29.181,104.208.16.92,6,1494
2025-10-24 17:28:29.895652,192.168.29.181,104.208.16.92,6,1494
2025-10-24 17:28:29.895652,192.168.29.181,104.208.16.92,6,1494
2025-10-24 17:28:29.895652,192.168.29.181,104.208.16.92,6,1494
2025-10-24 17:28:29.901579,192.168.29.181,104.208.16.92,6,639
2025-10-24 17:28:30.159753,104.208.16.92,192.168.29.181,6,54
2025-10-24 17:28:30.162227,104.208.16.92,192.168.29.181,6,148
2025-10-24 17:28:30.162227,192.168.29.181,104.208.16.92,6,89
2025-10-24 17:28:30.484272,104.208.16.92,192.168.29.181,6,54
2025-10-24 17:28:30.791806,192.168.29.39,224.0.0.251,17,103
2025-10-24 17:28:32.010840,192.168.29.181,104.208.16.92,6,171
2025-10-24 17:28:32.012623,192.168.29.181,104.208.16.92,6,1494
2025-10-24 17:28:32.014533,192.168.29.181,104.208.16.92,6,1494
2025-10-24 17:28:32.014533,192.168.29.181,104.208.16.92,6,1494
2025-10-24 17:28:32.016824,192.168.29.181,104.208.16.92,6,1494
2025-10-24 17:28:32.016824,192.168.29.181,104.208.16.92,6,1494
2025-10-24 17:28:32.018930,192.168.29.181,104.208.16.92,6,1304
2025-10-24 17:28:32.318047,104.208.16.92,192.168.29.181,6,54
2025-10-24 17:28:32.328585,104.208.16.92,192.168.29.181,6,54
2025-10-24 17:28:32.328585,104.208.16.92,192.168.29.181,6,148
2025-10-24 17:28:32.371769,192.168.29.181,104.208.16.92,6,54
2025-10-24 17:28:34.146137,192.168.29.181,104.208.16.92,6,166
2025-10-24 17:28:34.146137,192.168.29.181,104.208.16.92,6,1494
2025-10-24 17:28:34.146137,192.168.29.181,104.208.16.92,6,1494
2025-10-24 17:28:34.146137,192.168.29.181,104.208.16.92,6,1414
2025-10-24 17:28:34.466915,104.208.16.92,192.168.29.181,6,54
2025-10-24 17:28:34.684896,104.208.16.92,192.168.29.181,6,153
2025-10-24 17:28:34.726921,192.168.29.181,104.208.16.92,6,54
2025-10-24 17:28:35.702322,192.168.29.1,224.0.0.1,2,50
2025-10-24 17:28:35.707916,192.168.29.1,224.0.0.1,2,50
2025-10-24 17:28:35.707916,192.168.29.1,224.0.0.1,2,50
2025-10-24 17:28:35.907318,192.168.29.50,192.168.29.255,17,82
2025-10-24 17:28:36.272756,192.168.29.181,104.208.16.92,6,172
2025-10-24 17:28:36.272756,192.168.29.181,104.208.16.92,6,1494
2025-10-24 17:28:36.272756,192.168.29.181,104.208.16.92,6,1494
2025-10-24 17:28:36.272756,192.168.29.181,104.208.16.92,6,1494
2025-10-24 17:28:36.272756,192.168.29.181,104.208.16.92,6,1494
2025-10-24 17:28:36.272756,192.168.29.181,104.208.16.92,6,1494
2025-10-24 17:28:36.272756,192.168.29.181,104.208.16.92,6,1494
2025-10-24 17:28:36.272756,192.168.29.181,104.208.16.92,6,1494
2025-10-24 17:28:36.272756,192.168.29.181,104.208.16.92,6,529
2025-10-24 17:28:36.628665,104.208.16.92,192.168.29.181,6,54
2025-10-24 17:28:36.628665,104.208.16.92,192.168.29.181,6,54
2025-10-24 17:28:36.628665,104.208.16.92,192.168.29.181,6,54
2025-10-24 17:28:36.628665,104.208.16.92,192.168.29.181,6,54
2025-10-24 17:28:36.628665,104.208.16.92,192.168.29.181,6,153
2025-10-24 17:28:36.628665,192.168.29.181,104.208.16.92,6,89
2025-10-24 17:28:37.037097,104.208.16.92,192.168.29.181,6,54
2025-10-24 17:28:37.112917,192.168.29.181,224.0.0.22,2,54
2025-10-24 17:28:37.568391,192.168.29.50,239.255.255.250,17,167
2025-10-24 17:28:38.494246,192.168.29.181,104.208.16.92,6,167
2025-10-24 17:28:38.494246,192.168.29.181,104.208.16.92,6,1494
2025-10-24 17:28:38.494246,192.168.29.181,104.208.16.92,6,1494
2025-10-24 17:28:38.494246,192.168.29.181,104.208.16.92,6,1494
2025-10-24 17:28:38.494246,192.168.29.181,104.208.16.92,6,1494
2025-10-24 17:28:38.494246,192.168.29.181,104.208.16.92,6,1494
2025-10-24 17:28:38.502333,192.168.29.181,104.208.16.92,6,1304
2025-10-24 17:28:38.778866,192.168.29.50,192.168.29.255,17,82
2025-10-24 17:28:38.778866,104.208.16.92,192.168.29.181,6,54
2025-10-24 17:28:38.778866,104.208.16.92,192.168.29.181,6,54
2025-10-24 17:28:38.778866,104.208.16.92,192.168.29.181,6,54
2025-10-24 17:28:38.778866,104.208.16.92,192.168.29.181,6,89
2025-10-24 17:28:38.829961,192.168.29.181,104.208.16.92,6,54
2025-10-24 17:28:39.245027,104.208.16.92,192.168.29.181,6,153
2025-10-24 17:28:39.290775,192.168.29.181,104.208.16.92,6,54
2025-10-24 17:28:39.584604,104.208.16.92,192.168.29.181,6,153
2025-10-24 17:28:39.584604,192.168.29.181,104.208.16.92,6,66
2025-10-24 17:28:39.616788,192.168.29.181,224.0.0.22,2,54
2025-10-24 17:28:40.116510,192.168.29.181,224.0.0.22,2,54
2025-10-24 17:28:40.116510,192.168.29.50,239.255.255.250,17,167
2025-10-24 17:28:40.208272,192.168.29.50,224.0.0.251,17,87
2025-10-24 17:28:40.615501,192.168.29.181,104.208.16.92,6,166
2025-10-24 17:28:40.615501,192.168.29.181,104.208.16.92,6,1494
2025-10-24 17:28:40.615501,192.168.29.181,104.208.16.92,6,1494
2025-10-24 17:28:40.615501,192.168.29.181,104.208.16.92,6,1494
2025-10-24 17:28:40.615501,192.168.29.181,104.208.16.92,6,1494
2025-10-24 17:28:40.615501,192.168.29.181,104.208.16.92,6,1494
2025-10-24 17:28:40.615501,192.168.29.181,104.208.16.92,6,1494
2025-10-24 17:28:40.615501,192.168.29.181,104.208.16.92,6,1494
2025-10-24 17:28:40.615501,192.168.29.181,104.208.16.92,6,529
2025-10-24 17:28:41.067210,104.208.16.92,192.168.29.181,6,54
2025-10-24 17:28:41.067210,104.208.16.92,192.168.29.181,6,54
2025-10-24 17:28:41.067210,104.208.16.92,192.168.29.181,6,54
2025-10-24 17:28:41.067210,104.208.16.92,192.168.29.181,6,54
2025-10-24 17:28:41.067210,104.208.16.92,192.168.29.181,6,148
2025-10-24 17:28:41.131239,192.168.29.181,104.208.16.92,6,54
2025-10-24 17:28:41.436233,192.168.29.50,224.0.0.251,17,87
2025-10-24 17:28:42.139273,192.168.29.50,239.255.255.250,17,167
2025-10-24 17:28:42.836199,192.168.29.181,192.168.29.1,17,92
2025-10-24 17:28:42.836199,192.168.29.181,192.168.29.1,17,92
2025-10-24 17:28:42.836199,192.168.29.181,192.168.29.1,17,92
2025-10-24 17:28:42.836199,192.168.29.181,104.208.16.92,6,166
2025-10-24 17:28:42.836199,192.168.29.181,104.208.16.92,6,1494
2025-10-24 17:28:42.836199,192.168.29.181,104.208.16.92,6,1494
2025-10-24 17:28:42.836199,192.168.29.181,104.208.16.92,6,1494
2025-10-24 17:28:42.836199,192.168.29.181,104.208.16.92,6,1494
2025-10-24 17:28:42.836199,192.168.29.181,104.208.16.92,6,1494
2025-10-24 17:28:42.836199,192.168.29.181,104.208.16.92,6,1304
2025-10-24 17:28:42.970735,192.168.29.1,192.168.29.181,17,199
2025-10-24 17:28:42.978790,192.168.29.1,192.168.29.181,17,212
2025-10-24 17:28:42.978790,192.168.29.1,192.168.29.181,17,264
2025-10-24 17:28:43.086759,192.168.29.50,224.0.0.251,17,87
2025-10-24 17:28:43.124205,104.208.16.92,192.168.29.181,6,54
2025-10-24 17:28:43.124205,104.208.16.92,192.168.29.181,6,54
2025-10-24 17:28:43.187051,104.208.16.92,192.168.29.181,6,54
2025-10-24 17:28:43.187051,104.208.16.92,192.168.29.181,6,153
2025-10-24 17:28:43.193995,192.168.29.181,104.208.16.92,6,89
2025-10-24 17:28:43.654493,104.208.16.92,192.168.29.181,6,54
2025-10-24 17:28:44.049064,192.168.29.50,239.255.255.250,17,167
2025-10-24 17:28:44.580151,192.168.29.181,192.168.29.1,17,80
2025-10-24 17:28:44.586239,192.168.29.181,192.168.29.1,17,80
2025-10-24 17:28:44.602718,192.168.29.1,192.168.29.181,17,216
2025-10-24 17:28:44.604710,192.168.29.1,192.168.29.181,17,192
2025-10-24 17:28:44.960095,192.168.29.181,104.208.16.92,6,173
2025-10-24 17:28:44.960095,192.168.29.181,104.208.16.92,6,1494
2025-10-24 17:28:44.960095,192.168.29.181,104.208.16.92,6,1494
2025-10-24 17:28:44.965270,192.168.29.181,104.208.16.92,6,1494
2025-10-24 17:28:44.966576,192.168.29.181,104.208.16.92,6,1494
2025-10-24 17:28:44.968525,192.168.29.181,104.208.16.92,6,1494
2025-10-24 17:28:44.968525,192.168.29.181,104.208.16.92,6,1494
2025-10-24 17:28:44.968525,192.168.29.181,104.208.16.92,6,1494
2025-10-24 17:28:44.974870,192.168.29.181,104.208.16.92,6,1494
2025-10-24 17:28:44.976870,192.168.29.181,104.208.16.92,6,1194
2025-10-24 17:28:45.126267,192.168.29.50,224.0.0.251,17,87
2025-10-24 17:28:45.218482,104.208.16.92,192.168.29.181,6,54
2025-10-24 17:28:45.226614,104.208.16.92,192.168.29.181,6,54
2025-10-24 17:28:45.226614,104.208.16.92,192.168.29.181,6,54
2025-10-24 17:28:45.228999,104.208.16.92,192.168.29.181,6,148
2025-10-24 17:28:45.285381,192.168.29.181,104.208.16.92,6,54
2025-10-24 17:28:46.048568,192.168.29.50,239.255.255.250,17,167
2025-10-24 17:28:46.982876,192.168.29.181,104.208.16.92,6,172
2025-10-24 17:28:46.989046,192.168.29.181,104.208.16.92,6,1494
2025-10-24 17:28:46.991355,192.168.29.181,104.208.16.92,6,1494
2025-10-24 17:28:46.991355,192.168.29.181,104.208.16.92,6,1494
2025-10-24 17:28:46.991355,192.168.29.181,104.208.16.92,6,1494
2025-10-24 17:28:46.991355,192.168.29.181,104.208.16.92,6,1494
2025-10-24 17:28:46.997994,192.168.29.181,104.208.16.92,6,1494
2025-10-24 17:28:46.997994,192.168.29.181,104.208.16.92,6,1494
2025-10-24 17:28:46.997994,192.168.29.181,104.208.16.92,6,970
2025-10-24 17:28:47.172541,192.168.29.50,224.0.0.251,17,87
2025-10-24 17:28:47.254478,104.208.16.92,192.168.29.181,6,54
2025-10-24 17:28:47.257128,104.208.16.92,192.168.29.181,6,54
2025-10-24 17:28:47.257128,104.208.16.92,192.168.29.181,6,54
2025-10-24 17:28:47.261414,104.208.16.92,192.168.29.181,6,54
2025-10-24 17:28:47.264253,104.208.16.92,192.168.29.181,6,148
2025-10-24 17:28:47.304109,192.168.29.181,104.208.16.92,6,54
2025-10-24 17:28:47.480117,192.168.29.1,192.168.29.181,17,43
2025-10-24 17:28:48.095383,192.168.29.50,239.255.255.250,17,167
2025-10-24 17:28:48.818619,192.168.29.231,224.0.0.251,17,100
2025-10-24 17:28:49.094685,192.168.29.181,104.208.16.92,6,166
2025-10-24 17:28:49.100880,192.168.29.181,104.208.16.92,6,1494
2025-10-24 17:28:49.105947,192.168.29.181,104.208.16.92,6,1494
2025-10-24 17:28:49.109166,192.168.29.181,104.208.16.92,6,1494
2025-10-24 17:28:49.109166,192.168.29.181,104.208.16.92,6,1494
2025-10-24 17:28:49.112206,192.168.29.181,104.208.16.92,6,1494
2025-10-24 17:28:49.118179,192.168.29.181,104.208.16.92,6,1494
2025-10-24 17:28:49.118965,192.168.29.181,104.208.16.92,6,1494
2025-10-24 17:28:49.118965,192.168.29.181,104.208.16.92,6,529
2025-10-24 17:28:49.317010,192.168.29.50,224.0.0.251,17,87
2025-10-24 17:28:49.509127,104.208.16.92,192.168.29.181,6,54
2025-10-24 17:28:49.509127,104.208.16.92,192.168.29.181,6,54
2025-10-24 17:28:49.509127,104.208.16.92,192.168.29.181,6,54
2025-10-24 17:28:49.509127,104.208.16.92,192.168.29.181,6,54
2025-10-24 17:28:49.516698,104.208.16.92,192.168.29.181,6,153
2025-10-24 17:28:49.516698,192.168.29.181,104.208.16.92,6,89
2025-10-24 17:28:49.883656,192.168.29.231,224.0.0.251,17,100
2025-10-24 17:28:50.042812,104.208.16.92,192.168.29.181,6,54
2025-10-24 17:28:50.060211,192.168.29.50,239.255.255.250,17,167
2025-10-24 17:28:50.697442,192.168.29.39,224.0.0.251,17,103
2025-10-24 17:28:51.313552,192.168.29.181,104.208.16.92,6,166
2025-10-24 17:28:51.314653,192.168.29.181,104.208.16.92,6,1494
2025-10-24 17:28:51.314653,192.168.29.181,104.208.16.92,6,1494
2025-10-24 17:28:51.314653,192.168.29.181,104.208.16.92,6,1494
2025-10-24 17:28:51.314653,192.168.29.181,104.208.16.92,6,1494
2025-10-24 17:28:51.319994,192.168.29.181,104.208.16.92,6,1494
2025-10-24 17:28:51.319994,192.168.29.181,104.208.16.92,6,1494
2025-10-24 17:28:51.321935,192.168.29.181,104.208.16.92,6,1494
2025-10-24 17:28:51.321935,192.168.29.181,104.208.16.92,6,1494
2025-10-24 17:28:51.321935,192.168.29.181,104.208.16.92,6,1194
2025-10-24 17:28:51.680940,104.208.16.92,192.168.29.181,6,54
2025-10-24 17:28:51.680940,104.208.16.92,192.168.29.181,6,54
2025-10-24 17:28:51.688084,104.208.16.92,192.168.29.181,6,54
2025-10-24 17:28:51.695101,104.208.16.92,192.168.29.181,6,54
2025-10-24 17:28:51.696229,104.208.16.92,192.168.29.181,6,54
2025-10-24 17:28:51.698301,104.208.16.92,192.168.29.181,6,89
2025-10-24 17:28:51.722909,192.168.29.181,104.208.16.92,6,54
2025-10-24 17:28:52.098475,104.208.16.92,192.168.29.181,6,153
2025-10-24 17:28:52.100294,192.168.29.50,239.255.255.250,17,167
2025-10-24 17:28:52.141225,192.168.29.181,104.208.16.92,6,54
2025-10-24 17:28:53.433958,192.168.29.181,104.208.16.92,6,167
2025-10-24 17:28:53.433958,192.168.29.181,104.208.16.92,6,1494
2025-10-24 17:28:53.433958,192.168.29.181,104.208.16.92,6,1494
2025-10-24 17:28:53.433958,192.168.29.181,104.208.16.92,6,1494
2025-10-24 17:28:53.433958,192.168.29.181,104.208.16.92,6,1494
2025-10-24 17:28:53.433958,192.168.29.181,104.208.16.92,6,639
2025-10-24 17:28:53.701185,104.208.16.92,192.168.29.181,6,54
2025-10-24 17:28:53.701185,104.208.16.92,192.168.29.181,6,54
2025-10-24 17:28:53.711897,104.208.16.92,192.168.29.181,6,54
2025-10-24 17:28:53.711897,104.208.16.92,192.168.29.181,6,153
2025-10-24 17:28:53.759558,192.168.29.181,104.208.16.92,6,54
2025-10-24 17:28:54.140523,192.168.29.50,239.255.255.250,17,167
2025-10-24 17:28:55.156410,192.168.29.50,224.0.0.251,17,87
2025-10-24 17:28:55.556083,192.168.29.181,104.208.16.92,6,167
2025-10-24 17:28:55.556083,192.168.29.181,104.208.16.92,6,1494
2025-10-24 17:28:55.556083,192.168.29.181,104.208.16.92,6,1494
2025-10-24 17:28:55.556083,192.168.29.181,104.208.16.92,6,1494
2025-10-24 17:28:55.556083,192.168.29.181,104.208.16.92,6,1494
2025-10-24 17:28:55.556083,192.168.29.181,104.208.16.92,6,1494
2025-10-24 17:28:55.556083,192.168.29.181,104.208.16.92,6,1304
2025-10-24 17:28:55.777521,192.168.29.1,224.0.0.1,2,50
2025-10-24 17:28:55.777521,192.168.29.1,224.0.0.1,2,50
2025-10-24 17:28:55.780659,192.168.29.1,224.0.0.1,2,50
2025-10-24 17:28:55.894535,104.208.16.92,192.168.29.181,6,54
2025-10-24 17:28:55.894535,104.208.16.92,192.168.29.181,6,54
2025-10-24 17:28:55.897243,104.208.16.92,192.168.29.181,6,54
2025-10-24 17:28:55.897243,104.208.16.92,192.168.29.181,6,148
2025-10-24 17:28:55.897243,192.168.29.181,104.208.16.92,6,89
2025-10-24 17:28:56.286262,192.168.29.50,239.255.255.250,17,167
2025-10-24 17:28:56.291886,104.208.16.92,192.168.29.181,6,54
2025-10-24 17:28:57.119103,192.168.29.181,224.0.0.22,2,54
2025-10-24 17:28:57.652648,192.168.29.39,239.255.255.250,17,167
2025-10-24 17:28:57.735817,192.168.29.181,104.208.16.92,6,167
2025-10-24 17:28:57.735817,192.168.29.181,104.208.16.92,6,1494
2025-10-24 17:28:57.735817,192.168.29.181,104.208.16.92,6,1494
2025-10-24 17:28:57.735817,192.168.29.181,104.208.16.92,6,1494
2025-10-24 17:28:57.735817,192.168.29.181,104.208.16.92,6,1494
2025-10-24 17:28:57.743847,192.168.29.181,104.208.16.92,6,1494
2025-10-24 17:28:57.745928,192.168.29.181,104.208.16.92,6,1304
2025-10-24 17:28:57.826782,192.168.29.231,224.0.0.251,17,100
2025-10-24 17:28:58.122107,192.168.29.181,224.0.0.22,2,54
2025-10-24 17:28:58.241504,104.208.16.92,192.168.29.181,6,54
2025-10-24 17:28:58.241504,104.208.16.92,192.168.29.181,6,54
2025-10-24 17:28:58.241504,104.208.16.92,192.168.29.181,6,54
2025-10-24 17:28:58.241504,104.208.16.92,192.168.29.181,6,54
2025-10-24 17:28:58.473424,104.208.16.92,192.168.29.181,6,153
2025-10-24 17:28:58.475856,192.168.29.50,239.255.255.250,17,167
2025-10-24 17:28:58.514054,192.168.29.181,104.208.16.92,6,54
2025-10-24 17:28:58.618364,192.168.29.181,224.0.0.22,2,54
2025-10-24 17:28:58.634135,192.168.29.231,224.0.0.251,17,100
2025-10-24 17:28:58.758946,104.208.16.92,192.168.29.181,6,153
2025-10-24 17:28:58.758946,192.168.29.181,104.208.16.92,6,66
2025-10-24 17:28:59.040407,192.168.29.50,224.0.0.251,17,87
2025-10-24 17:28:59.757199,192.168.29.181,104.208.16.92,6,167
2025-10-24 17:28:59.760375,192.168.29.181,104.208.16.92,6,1494
2025-10-24 17:28:59.760375,192.168.29.181,104.208.16.92,6,1494
2025-10-24 17:28:59.762382,192.168.29.181,104.208.16.92,6,1494
2025-10-24 17:28:59.764388,192.168.29.181,104.208.16.92,6,1494
2025-10-24 17:28:59.765284,192.168.29.181,104.208.16.92,6,1494
2025-10-24 17:28:59.765284,192.168.29.181,104.208.16.92,6,1494
2025-10-24 17:28:59.765284,192.168.29.181,104.208.16.92,6,1494
2025-10-24 17:28:59.765284,192.168.29.181,104.208.16.92,6,1494
2025-10-24 17:28:59.765284,192.168.29.181,104.208.16.92,6,1194
2025-10-24 17:29:00.079637,104.208.16.92,192.168.29.181,6,54
2025-10-24 17:29:00.081418,104.208.16.92,192.168.29.181,6,54
2025-10-24 17:29:00.081418,104.208.16.92,192.168.29.181,6,54
2025-10-24 17:29:00.081418,104.208.16.92,192.168.29.181,6,54
2025-10-24 17:29:00.081418,104.208.16.92,192.168.29.181,6,54
2025-10-24 17:29:00.081418,104.208.16.92,192.168.29.181,6,148
2025-10-24 17:29:00.095503,192.168.29.50,239.255.255.250,17,167
2025-10-24 17:29:00.127849,192.168.29.181,104.208.16.92,6,54
2025-10-24 17:29:01.301456,192.168.29.50,224.0.0.251,17,87
2025-10-24 17:29:01.512777,192.168.29.231,224.0.0.251,17,100
2025-10-24 17:29:01.593192,192.168.29.181,192.168.29.1,17,80
2025-10-24 17:29:01.601683,192.168.29.181,192.168.29.1,17,80
2025-10-24 17:29:01.603629,192.168.29.181,192.168.29.1,17,80
2025-10-24 17:29:01.612276,192.168.29.1,192.168.29.181,17,108
2025-10-24 17:29:01.612276,192.168.29.1,192.168.29.181,17,125
2025-10-24 17:29:01.620386,192.168.29.1,192.168.29.181,17,112
2025-10-24 17:29:01.877863,192.168.29.181,104.208.16.92,6,167
2025-10-24 17:29:01.877863,192.168.29.181,104.208.16.92,6,1494
2025-10-24 17:29:01.877863,192.168.29.181,104.208.16.92,6,1494
2025-10-24 17:29:01.877863,192.168.29.181,104.208.16.92,6,1494
2025-10-24 17:29:01.877863,192.168.29.181,104.208.16.92,6,1494
2025-10-24 17:29:01.877863,192.168.29.181,104.208.16.92,6,1494
2025-10-24 17:29:01.877863,192.168.29.181,104.208.16.92,6,1304
2025-10-24 17:29:02.134281,104.208.16.92,192.168.29.181,6,54
2025-10-24 17:29:02.151925,104.208.16.92,192.168.29.181,6,54
2025-10-24 17:29:02.153284,104.208.16.92,192.168.29.181,6,54
2025-10-24 17:29:02.153284,104.208.16.92,192.168.29.181,6,148
2025-10-24 17:29:02.153284,192.168.29.181,104.208.16.92,6,89
2025-10-24 17:29:02.382695,192.168.29.50,239.255.255.250,17,167
2025-10-24 17:29:02.461684,104.208.16.92,192.168.29.181,6,54
2025-10-24 17:29:03.142485,192.168.29.50,224.0.0.251,17,87
2025-10-24 17:29:04.072032,192.168.29.181,104.208.16.92,6,166
2025-10-24 17:29:04.074299,192.168.29.181,104.208.16.92,6,1494
2025-10-24 17:29:04.074299,192.168.29.181,104.208.16.92,6,1494
2025-10-24 17:29:04.074299,192.168.29.181,104.208.16.92,6,1494
2025-10-24 17:29:04.074299,192.168.29.181,104.208.16.92,6,1494
2025-10-24 17:29:04.074299,192.168.29.181,104.208.16.92,6,1494
2025-10-24 17:29:04.074299,192.168.29.181,104.208.16.92,6,1304
2025-10-24 17:29:04.495242,192.168.29.50,239.255.255.250,17,167
2025-10-24 17:29:04.495242,104.208.16.92,192.168.29.181,6,54
2025-10-24 17:29:04.497563,104.208.16.92,192.168.29.181,6,54
2025-10-24 17:29:04.498557,104.208.16.92,192.168.29.181,6,54
2025-10-24 17:29:04.498557,104.208.16.92,192.168.29.181,6,54
2025-10-24 17:29:04.560704,104.208.16.92,192.168.29.181,6,153
2025-10-24 17:29:04.603473,192.168.29.181,104.208.16.92,6,54
2025-10-24 17:29:05.084211,192.168.29.50,224.0.0.251,17,87
2025-10-24 17:29:06.195072,192.168.29.181,104.208.16.92,6,167
2025-10-24 17:29:06.198107,192.168.29.181,104.208.16.92,6,1494
2025-10-24 17:29:06.198107,192.168.29.181,104.208.16.92,6,1494
2025-10-24 17:29:06.200114,192.168.29.181,104.208.16.92,6,1494
2025-10-24 17:29:06.200114,192.168.29.181,104.208.16.92,6,1494
2025-10-24 17:29:06.202120,192.168.29.181,104.208.16.92,6,639
2025-10-24 17:29:06.321399,192.168.29.50,239.255.255.250,17,167
2025-10-24 17:29:06.530553,104.208.16.92,192.168.29.181,6,54
2025-10-24 17:29:06.532378,104.208.16.92,192.168.29.181,6,54
2025-10-24 17:29:06.532378,104.208.16.92,192.168.29.181,6,54
2025-10-24 17:29:06.534385,104.208.16.92,192.168.29.181,6,148
2025-10-24 17:29:06.576788,192.168.29.181,104.208.16.92,6,54
2025-10-24 17:29:07.238211,192.168.29.50,224.0.0.251,17,87
2025-10-24 17:29:08.301583,192.168.29.50,239.255.255.250,17,167
2025-10-24 17:29:08.317314,192.168.29.181,104.208.16.92,6,167
2025-10-24 17:29:08.317314,192.168.29.181,104.208.16.92,6,1494
2025-10-24 17:29:08.317314,192.168.29.181,104.208.16.92,6,1494
2025-10-24 17:29:08.317314,192.168.29.181,104.208.16.92,6,1494
2025-10-24 17:29:08.317314,192.168.29.181,104.208.16.92,6,1494
2025-10-24 17:29:08.317314,192.168.29.181,104.208.16.92,6,1494
2025-10-24 17:29:08.317314,192.168.29.181,104.208.16.92,6,1304
2025-10-24 17:29:08.681783,192.168.29.50,192.168.29.255,17,82
2025-10-24 17:29:08.681783,104.208.16.92,192.168.29.181,6,54
2025-10-24 17:29:08.681783,104.208.16.92,192.168.29.181,6,54
2025-10-24 17:29:08.681783,104.208.16.92,192.168.29.181,6,54
2025-10-24 17:29:08.681783,104.208.16.92,192.168.29.181,6,89
2025-10-24 17:29:08.724870,192.168.29.181,104.208.16.92,6,54
2025-10-24 17:29:09.082073,104.208.16.92,192.168.29.181,6,148
2025-10-24 17:29:09.082073,192.168.29.181,104.208.16.92,6,89
2025-10-24 17:29:09.488796,104.208.16.92,192.168.29.181,6,54
2025-10-24 17:29:10.334151,192.168.29.50,239.255.255.250,17,167
2025-10-24 17:29:10.416880,192.168.29.181,104.208.16.92,6,166
2025-10-24 17:29:10.418651,192.168.29.181,104.208.16.92,6,1494
2025-10-24 17:29:10.421375,192.168.29.181,104.208.16.92,6,1494
2025-10-24 17:29:10.423168,192.168.29.181,104.208.16.92,6,1494
2025-10-24 17:29:10.423168,192.168.29.181,104.208.16.92,6,1494
2025-10-24 17:29:10.423168,192.168.29.181,104.208.16.92,6,1494
2025-10-24 17:29:10.423168,192.168.29.181,104.208.16.92,6,1304
2025-10-24 17:29:10.520901,192.168.29.231,224.0.0.251,17,100
2025-10-24 17:29:10.684574,104.208.16.92,192.168.29.181,6,54
2025-10-24 17:29:10.686528,104.208.16.92,192.168.29.181,6,54
2025-10-24 17:29:10.727932,192.168.29.39,224.0.0.251,17,103
2025-10-24 17:29:10.733979,104.208.16.92,192.168.29.181,6,54
2025-10-24 17:29:10.794311,104.208.16.92,192.168.29.181,6,153
2025-10-24 17:29:10.858861,192.168.29.181,104.208.16.92,6,54
2025-10-24 17:29:11.134839,192.168.29.50,224.0.0.251,17,87
2025-10-24 17:29:12.454993,192.168.29.181,104.208.16.92,6,167
2025-10-24 17:29:12.456154,192.168.29.181,104.208.16.92,6,1494
2025-10-24 17:29:12.456154,192.168.29.181,104.208.16.92,6,1494
2025-10-24 17:29:12.459411,192.168.29.181,104.208.16.92,6,1494
2025-10-24 17:29:12.459411,192.168.29.181,104.208.16.92,6,1494
2025-10-24 17:29:12.461282,192.168.29.181,104.208.16.92,6,1494
2025-10-24 17:29:12.463135,192.168.29.181,104.208.16.92,6,1304
2025-10-24 17:29:13.053469,192.168.29.181,104.208.16.92,6,1494
2025-10-24 17:29:13.069601,192.168.29.50,239.255.255.250,17,167
2025-10-24 17:29:13.085431,104.208.16.92,192.168.29.181,6,54
2025-10-24 17:29:13.085431,104.208.16.92,192.168.29.181,6,54
2025-10-24 17:29:13.085431,104.208.16.92,192.168.29.181,6,153
2025-10-24 17:29:13.133143,192.168.29.181,104.208.16.92,6,54
2025-10-24 17:29:13.199677,104.208.16.92,192.168.29.181,6,153
2025-10-24 17:29:13.199677,192.168.29.181,104.208.16.92,6,66
2025-10-24 17:29:13.397371,104.208.16.92,192.168.29.181,6,66
2025-10-24 17:29:14.378605,192.168.29.50,239.255.255.250,17,167
2025-10-24 17:29:14.578654,192.168.29.181,104.208.16.92,6,167
2025-10-24 17:29:14.583704,192.168.29.181,104.208.16.92,6,1494
2025-10-24 17:29:14.583704,192.168.29.181,104.208.16.92,6,1494
2025-10-24 17:29:14.585711,192.168.29.181,104.208.16.92,6,1494
2025-10-24 17:29:14.585711,192.168.29.181,104.208.16.92,6,1494
2025-10-24 17:29:14.587719,192.168.29.181,104.208.16.92,6,1494
2025-10-24 17:29:14.587719,192.168.29.181,104.208.16.92,6,1494
2025-10-24 17:29:14.589725,192.168.29.181,104.208.16.92,6,1494
2025-10-24 17:29:14.589725,192.168.29.181,104.208.16.92,6,529
2025-10-24 17:29:14.927568,104.208.16.92,192.168.29.181,6,54
2025-10-24 17:29:14.927568,104.208.16.92,192.168.29.181,6,54
2025-10-24 17:29:14.930049,104.208.16.92,192.168.29.181,6,153
2025-10-24 17:29:14.932011,192.168.29.181,104.208.16.92,6,89
2025-10-24 17:29:15.229659,192.168.29.50,224.0.0.251,17,87
2025-10-24 17:29:15.229659,104.208.16.92,192.168.29.181,6,54
2025-10-24 17:29:15.844220,192.168.29.1,224.0.0.1,2,50
2025-10-24 17:29:15.850740,192.168.29.1,224.0.0.1,2,50
2025-10-24 17:29:15.850740,192.168.29.1,224.0.0.1,2,50
2025-10-24 17:29:16.124982,192.168.29.181,224.0.0.22,2,62
2025-10-24 17:29:16.460620,192.168.29.50,239.255.255.250,17,167
2025-10-24 17:29:16.623974,192.168.29.181,224.0.0.22,2,54
2025-10-24 17:29:16.774645,192.168.29.181,104.208.16.92,6,167
2025-10-24 17:29:16.777952,192.168.29.181,104.208.16.92,6,1494
2025-10-24 17:29:16.780016,192.168.29.181,104.208.16.92,6,1494
2025-10-24 17:29:16.780016,192.168.29.181,104.208.16.92,6,1494
2025-10-24 17:29:16.782025,192.168.29.181,104.208.16.92,6,1494
2025-10-24 17:29:16.782025,192.168.29.181,104.208.16.92,6,1494
2025-10-24 17:29:16.785059,192.168.29.181,104.208.16.92,6,1494
2025-10-24 17:29:16.785059,192.168.29.181,104.208.16.92,6,1494
2025-10-24 17:29:16.785059,192.168.29.181,104.208.16.92,6,1494
2025-10-24 17:29:16.785059,192.168.29.181,104.208.16.92,6,1194
2025-10-24 17:29:17.018389,192.168.29.50,224.0.0.251,17,87
2025-10-24 17:29:17.029807,104.208.16.92,192.168.29.181,6,54
2025-10-24 17:29:17.029807,104.208.16.92,192.168.29.181,6,54
2025-10-24 17:29:17.029807,104.208.16.92,192.168.29.181,6,54
2025-10-24 17:29:17.044922,104.208.16.92,192.168.29.181,6,54
2025-10-24 17:29:17.044922,104.208.16.92,192.168.29.181,6,148
2025-10-24 17:29:17.109142,192.168.29.181,104.208.16.92,6,54
2025-10-24 17:29:18.440788,192.168.29.50,239.255.255.250,17,167
2025-10-24 17:29:18.809836,192.168.29.181,104.208.16.92,6,166
2025-10-24 17:29:18.813195,192.168.29.181,104.208.16.92,6,1494
2025-10-24 17:29:18.813195,192.168.29.181,104.208.16.92,6,1494
2025-10-24 17:29:18.815203,192.168.29.181,104.208.16.92,6,1494
2025-10-24 17:29:18.815203,192.168.29.181,104.208.16.92,6,1494
2025-10-24 17:29:18.817210,192.168.29.181,104.208.16.92,6,1494
2025-10-24 17:29:18.817210,192.168.29.181,104.208.16.92,6,1304
2025-10-24 17:29:19.114163,192.168.29.50,224.0.0.251,17,87
2025-10-24 17:29:19.129222,104.208.16.92,192.168.29.181,6,54
2025-10-24 17:29:19.131230,104.208.16.92,192.168.29.181,6,54
2025-10-24 17:29:19.131230,104.208.16.92,192.168.29.181,6,54
2025-10-24 17:29:19.163615,104.208.16.92,192.168.29.181,6,153
2025-10-24 17:29:19.218046,192.168.29.181,104.208.16.92,6,54
2025-10-24 17:29:21.004181,192.168.29.181,104.208.16.92,6,166
2025-10-24 17:29:21.005769,192.168.29.181,104.208.16.92,6,1494
2025-10-24 17:29:21.005769,192.168.29.181,104.208.16.92,6,1494
2025-10-24 17:29:21.005769,192.168.29.181,104.208.16.92,6,1414
2025-10-24 17:29:21.267284,104.208.16.92,192.168.29.181,6,54
2025-10-24 17:29:21.267284,104.208.16.92,192.168.29.181,6,54
2025-10-24 17:29:21.420281,192.168.29.50,239.255.255.250,17,167
2025-10-24 17:29:21.576252,192.168.29.50,224.0.0.251,17,87
2025-10-24 17:29:22.091903,104.208.16.92,192.168.29.181,6,153
2025-10-24 17:29:22.106404,192.168.29.181,104.208.16.92,6,89
2025-10-24 17:29:22.491931,104.208.16.92,192.168.29.181,6,54
2025-10-24 17:29:23.016043,192.168.29.50,224.0.0.251,17,87
2025-10-24 17:29:23.113093,192.168.29.181,104.208.16.92,6,166
2025-10-24 17:29:23.113093,192.168.29.181,104.208.16.92,6,1494
2025-10-24 17:29:23.113093,192.168.29.181,104.208.16.92,6,1494
2025-10-24 17:29:23.113093,192.168.29.181,104.208.16.92,6,1494
2025-10-24 17:29:23.113093,192.168.29.181,104.208.16.92,6,1494
2025-10-24 17:29:23.113093,192.168.29.181,104.208.16.92,6,1494
2025-10-24 17:29:23.113093,192.168.29.181,104.208.16.92,6,1494
2025-10-24 17:29:23.113093,192.168.29.181,104.208.16.92,6,1494
2025-10-24 17:29:23.113093,192.168.29.181,104.208.16.92,6,1494
2025-10-24 17:29:23.113093,192.168.29.181,104.208.16.92,6,1194
2025-10-24 17:29:23.373808,104.208.16.92,192.168.29.181,6,54
2025-10-24 17:29:23.373808,104.208.16.92,192.168.29.181,6,54
2025-10-24 17:29:23.373808,104.208.16.92,192.168.29.181,6,54
2025-10-24 17:29:23.389349,192.168.29.50,239.255.255.250,17,167
2025-10-24 17:29:24.311859,104.208.16.92,192.168.29.181,6,153
2025-10-24 17:29:24.355181,192.168.29.181,104.208.16.92,6,54
2025-10-24 17:29:25.065048,192.168.29.50,224.0.0.251,17,87
2025-10-24 17:29:25.205346,192.168.29.181,104.208.16.92,6,166
2025-10-24 17:29:25.206602,192.168.29.181,104.208.16.92,6,1494
2025-10-24 17:29:25.206602,192.168.29.181,104.208.16.92,6,1494
2025-10-24 17:29:25.206602,192.168.29.181,104.208.16.92,6,1494
2025-10-24 17:29:25.206602,192.168.29.181,104.208.16.92,6,1494
2025-10-24 17:29:25.211631,192.168.29.181,104.208.16.92,6,1494
2025-10-24 17:29:25.211631,192.168.29.181,104.208.16.92,6,1304
2025-10-24 17:29:25.569620,192.168.29.50,239.255.255.250,17,167
2025-10-24 17:29:25.569620,104.208.16.92,192.168.29.181,6,54
2025-10-24 17:29:25.569620,104.208.16.92,192.168.29.181,6,54
2025-10-24 17:29:25.581556,104.208.16.92,192.168.29.181,6,54
2025-10-24 17:29:25.581556,104.208.16.92,192.168.29.181,6,89
2025-10-24 17:29:25.630521,192.168.29.181,104.208.16.92,6,54
2025-10-24 17:29:26.018864,104.208.16.92,192.168.29.181,6,153
2025-10-24 17:29:26.084377,192.168.29.181,104.208.16.92,6,54
2025-10-24 17:29:27.106532,192.168.29.50,224.0.0.251,17,87
2025-10-24 17:29:27.399150,192.168.29.181,104.208.16.92,6,167
2025-10-24 17:29:27.399150,192.168.29.181,104.208.16.92,6,1494
2025-10-24 17:29:27.399150,192.168.29.181,104.208.16.92,6,1494
2025-10-24 17:29:27.399150,192.168.29.181,104.208.16.92,6,1494
2025-10-24 17:29:27.399150,192.168.29.181,104.208.16.92,6,1494
2025-10-24 17:29:27.408018,192.168.29.181,104.208.16.92,6,1494
2025-10-24 17:29:27.408018,192.168.29.181,104.208.16.92,6,1304
2025-10-24 17:29:27.408018,192.168.29.50,239.255.255.250,17,167
2025-10-24 17:29:27.758144,104.208.16.92,192.168.29.181,6,54
2025-10-24 17:29:27.758144,104.208.16.92,192.168.29.181,6,54
2025-10-24 17:29:27.812779,104.208.16.92,192.168.29.181,6,54
2025-10-24 17:29:27.940818,104.208.16.92,192.168.29.181,6,153
2025-10-24 17:29:27.948692,192.168.29.181,104.208.16.92,6,89
2025-10-24 17:29:28.416541,104.208.16.92,192.168.29.181,6,54
2025-10-24 17:29:29.152398,192.168.29.50,224.0.0.251,17,87
2025-10-24 17:29:29.468267,192.168.29.50,239.255.255.250,17,167
2025-10-24 17:29:29.587569,192.168.29.181,104.208.16.92,6,167
2025-10-24 17:29:29.587569,192.168.29.181,104.208.16.92,6,1494
2025-10-24 17:29:29.587569,192.168.29.181,104.208.16.92,6,1494
2025-10-24 17:29:29.587569,192.168.29.181,104.208.16.92,6,1494
2025-10-24 17:29:29.587569,192.168.29.181,104.208.16.92,6,1494
2025-10-24 17:29:29.587569,192.168.29.181,104.208.16.92,6,1494
2025-10-24 17:29:29.595096,192.168.29.181,104.208.16.92,6,1494
2025-10-24 17:29:29.595096,192.168.29.181,104.208.16.92,6,1494
2025-10-24 17:29:29.595096,192.168.29.181,104.208.16.92,6,529
2025-10-24 17:29:29.875041,104.208.16.92,192.168.29.181,6,54
2025-10-24 17:29:29.875041,104.208.16.92,192.168.29.181,6,54
2025-10-24 17:29:29.875041,104.208.16.92,192.168.29.181,6,54
2025-10-24 17:29:30.120018,104.208.16.92,192.168.29.181,6,153
2025-10-24 17:29:30.168230,192.168.29.181,104.208.16.92,6,54
2025-10-24 17:29:30.801750,192.168.29.39,224.0.0.251,17,103
2025-10-24 17:29:31.207040,192.168.29.50,224.0.0.251,17,87
2025-10-24 17:29:31.517225,192.168.29.50,239.255.255.250,17,167
2025-10-24 17:29:31.645431,192.168.29.181,104.208.16.92,6,167
2025-10-24 17:29:31.645431,192.168.29.181,104.208.16.92,6,1494
2025-10-24 17:29:31.645431,192.168.29.181,104.208.16.92,6,1494
2025-10-24 17:29:31.645431,192.168.29.181,104.208.16.92,6,1494
2025-10-24 17:29:31.645431,192.168.29.181,104.208.16.92,6,1494
2025-10-24 17:29:31.645431,192.168.29.181,104.208.16.92,6,1494
2025-10-24 17:29:31.645431,192.168.29.181,104.208.16.92,6,1494
2025-10-24 17:29:31.645431,192.168.29.181,104.208.16.92,6,1494
2025-10-24 17:29:31.645431,192.168.29.181,104.208.16.92,6,529
2025-10-24 17:29:31.908136,104.208.16.92,192.168.29.181,6,54
2025-10-24 17:29:31.912893,104.208.16.92,192.168.29.181,6,54
2025-10-24 17:29:31.912893,104.208.16.92,192.168.29.181,6,54
2025-10-24 17:29:31.915039,104.208.16.92,192.168.29.181,6,54
2025-10-24 17:29:31.944740,104.208.16.92,192.168.29.181,6,153
2025-10-24 17:29:31.993016,192.168.29.181,104.208.16.92,6,54
2025-10-24 17:29:33.010657,192.168.29.50,224.0.0.251,17,87
2025-10-24 17:29:33.437961,192.168.29.50,239.255.255.250,17,167
2025-10-24 17:29:33.697068,192.168.29.181,104.208.16.92,6,167
2025-10-24 17:29:33.697068,192.168.29.181,104.208.16.92,6,1494
2025-10-24 17:29:33.697068,192.168.29.181,104.208.16.92,6,1494
2025-10-24 17:29:33.697068,192.168.29.181,104.208.16.92,6,1494
2025-10-24 17:29:33.697068,192.168.29.181,104.208.16.92,6,1494
2025-10-24 17:29:33.704675,192.168.29.181,104.208.16.92,6,1494
2025-10-24 17:29:33.705045,192.168.29.181,104.208.16.92,6,1304
2025-10-24 17:29:33.961789,104.208.16.92,192.168.29.181,6,54
2025-10-24 17:29:34.026771,104.208.16.92,192.168.29.181,6,153
2025-10-24 17:29:34.028216,192.168.29.181,104.208.16.92,6,89
2025-10-24 17:29:34.418005,104.208.16.92,192.168.29.181,6,54
2025-10-24 17:29:35.075102,192.168.29.50,224.0.0.251,17,87
2025-10-24 17:29:35.809666,192.168.29.1,224.0.0.1,2,50
2025-10-24 17:29:35.831408,192.168.29.50,239.255.255.250,17,167
2025-10-24 17:29:35.879524,192.168.29.181,104.208.16.92,6,167
2025-10-24 17:29:35.879524,192.168.29.181,104.208.16.92,6,1494
2025-10-24 17:29:35.879524,192.168.29.181,104.208.16.92,6,1494
2025-10-24 17:29:35.879524,192.168.29.181,104.208.16.92,6,1494
2025-10-24 17:29:35.879524,192.168.29.181,104.208.16.92,6,1494
2025-10-24 17:29:35.879524,192.168.29.181,104.208.16.92,6,1494
2025-10-24 17:29:35.879524,192.168.29.181,104.208.16.92,6,1304
2025-10-24 17:29:36.453185,104.208.16.92,192.168.29.181,6,54
2025-10-24 17:29:36.453185,104.208.16.92,192.168.29.181,6,54
2025-10-24 17:29:36.453185,104.208.16.92,192.168.29.181,6,54
2025-10-24 17:29:36.453185,104.208.16.92,192.168.29.181,6,153
2025-10-24 17:29:36.499636,192.168.29.181,104.208.16.92,6,54
2025-10-24 17:29:37.497372,192.168.29.50,239.255.255.250,17,167
2025-10-24 17:29:37.556567,192.168.29.231,224.0.0.251,17,100
2025-10-24 17:29:37.934759,192.168.29.181,104.208.16.92,6,167
2025-10-24 17:29:37.938031,192.168.29.181,104.208.16.92,6,1494
2025-10-24 17:29:37.938031,192.168.29.181,104.208.16.92,6,1494
2025-10-24 17:29:37.940039,192.168.29.181,104.208.16.92,6,1494
2025-10-24 17:29:37.940039,192.168.29.181,104.208.16.92,6,1494
2025-10-24 17:29:37.942045,192.168.29.181,104.208.16.92,6,639
2025-10-24 17:29:38.481833,104.208.16.92,192.168.29.181,6,54
2025-10-24 17:29:38.484271,104.208.16.92,192.168.29.181,6,54
2025-10-24 17:29:38.484271,104.208.16.92,192.168.29.181,6,54
2025-10-24 17:29:38.486279,104.208.16.92,192.168.29.181,6,153
2025-10-24 17:29:38.523400,192.168.29.181,104.208.16.92,6,54
2025-10-24 17:29:38.776859,192.168.29.50,192.168.29.255,17,82
2025-10-24 17:29:39.580215,192.168.29.50,239.255.255.250,17,167
2025-10-24 17:29:39.683449,192.168.29.181,192.168.29.1,17,74
2025-10-24 17:29:39.687747,192.168.29.181,192.168.29.1,17,74
2025-10-24 17:29:39.729599,192.168.29.1,192.168.29.181,17,279
2025-10-24 17:29:39.738522,192.168.29.1,192.168.29.181,17,359
2025-10-24 17:29:39.744334,192.168.29.181,20.190.146.32,6,66
2025-10-24 17:29:39.778187,20.190.146.32,192.168.29.181,6,66
2025-10-24 17:29:39.781981,192.168.29.181,20.190.146.32,6,54
2025-10-24 17:29:39.786115,192.168.29.181,20.190.146.32,6,518
2025-10-24 17:29:39.832328,20.190.146.32,192.168.29.181,6,1514
2025-10-24 17:29:39.834490,20.190.146.32,192.168.29.181,6,1514
2025-10-24 17:29:39.839216,20.190.146.32,192.168.29.181,6,1092
2025-10-24 17:29:39.839216,192.168.29.181,20.190.146.32,6,54
2025-10-24 17:29:39.845728,192.168.29.181,20.190.146.32,6,212
2025-10-24 17:29:39.870160,192.168.29.181,192.168.29.1,17,87
2025-10-24 17:29:39.880780,192.168.29.181,192.168.29.1,17,87
2025-10-24 17:29:39.885713,192.168.29.181,192.168.29.1,17,87
2025-10-24 17:29:39.887600,192.168.29.181,192.168.29.1,17,69
2025-10-24 17:29:39.889592,192.168.29.181,192.168.29.1,17,69
2025-10-24 17:29:39.894042,192.168.29.181,192.168.29.1,17,69
2025-10-24 17:29:39.894042,192.168.29.181,192.168.29.1,17,84
2025-10-24 17:29:39.894042,192.168.29.181,192.168.29.1,17,84
2025-10-24 17:29:39.894042,192.168.29.181,192.168.29.1,17,84
2025-10-24 17:29:39.902127,20.190.146.32,192.168.29.181,6,105
2025-10-24 17:29:39.904136,192.168.29.181,20.190.146.32,6,346
2025-10-24 17:29:39.904136,192.168.29.181,20.190.146.32,6,1494
2025-10-24 17:29:39.904136,192.168.29.181,20.190.146.32,6,1494
2025-10-24 17:29:39.910679,192.168.29.181,20.190.146.32,6,1494
2025-10-24 17:29:39.912565,192.168.29.181,20.190.146.32,6,1494
2025-10-24 17:29:39.914573,192.168.29.181,20.190.146.32,6,1172
2025-10-24 17:29:39.916601,192.168.29.1,192.168.29.181,17,281
2025-10-24 17:29:39.916601,192.168.29.181,192.168.29.1,17,72
2025-10-24 17:29:39.916601,192.168.29.181,192.168.29.1,17,72
2025-10-24 17:29:39.916601,192.168.29.181,192.168.29.1,17,72
2025-10-24 17:29:39.925883,192.168.29.1,192.168.29.181,17,217
2025-10-24 17:29:39.925883,192.168.29.1,192.168.29.181,17,278
2025-10-24 17:29:39.930733,192.168.29.181,104.208.16.95,6,66
2025-10-24 17:29:39.934586,192.168.29.1,192.168.29.181,17,321
2025-10-24 17:29:39.936592,192.168.29.1,192.168.29.181,17,297
2025-10-24 17:29:39.943637,192.168.29.1,192.168.29.181,17,308
2025-10-24 17:29:39.943637,192.168.29.1,192.168.29.181,17,165
2025-10-24 17:29:39.943637,192.168.29.1,192.168.29.181,17,165
2025-10-24 17:29:39.951646,192.168.29.1,192.168.29.181,17,148
2025-10-24 17:29:39.957643,192.168.29.1,192.168.29.181,17,278
2025-10-24 17:29:39.961657,192.168.29.181,18.164.237.3,6,66
2025-10-24 17:29:39.963663,20.190.146.32,192.168.29.181,6,54
2025-10-24 17:29:39.965668,20.190.146.32,192.168.29.181,6,54
2025-10-24 17:29:39.965668,18.164.237.3,192.168.29.181,6,66
2025-10-24 17:29:39.965668,192.168.29.181,18.164.237.3,6,54
2025-10-24 17:29:39.965668,192.168.29.181,18.164.237.3,6,1494
2025-10-24 17:29:39.973773,192.168.29.181,18.164.237.3,6,597
2025-10-24 17:29:39.977566,192.168.29.1,192.168.29.181,17,237
2025-10-24 17:29:39.979573,18.164.237.3,192.168.29.181,6,54
2025-10-24 17:29:39.981637,18.164.237.3,192.168.29.181,6,54
2025-10-24 17:29:39.983643,18.164.237.3,192.168.29.181,6,1376
2025-10-24 17:29:39.983643,192.168.29.181,18.164.237.3,6,118
2025-10-24 17:29:39.983643,192.168.29.181,18.164.237.3,6,146
2025-10-24 17:29:39.990572,192.168.29.181,18.164.237.3,6,849
2025-10-24 17:29:39.990572,192.168.29.1,192.168.29.181,17,224
2025-10-24 17:29:39.995062,192.168.29.181,131.253.33.203,6,66
2025-10-24 17:29:39.998077,18.164.237.3,192.168.29.181,6,54
2025-10-24 17:29:40.002184,18.164.237.3,192.168.29.181,6,233
2025-10-24 17:29:40.002184,18.164.237.3,192.168.29.181,6,125
2025-10-24 17:29:40.002184,192.168.29.181,18.164.237.3,6,54
2025-10-24 17:29:40.006171,192.168.29.181,18.164.237.3,6,85
2025-10-24 17:29:40.043780,18.164.237.3,192.168.29.181,6,54
2025-10-24 17:29:40.060046,131.253.33.203,192.168.29.181,6,66
2025-10-24 17:29:40.063503,192.168.29.181,131.253.33.203,6,54
2025-10-24 17:29:40.065743,192.168.29.181,131.253.33.203,6,1494
2025-10-24 17:29:40.068725,192.168.29.181,131.253.33.203,6,851
2025-10-24 17:29:40.080876,192.168.29.181,192.168.29.1,17,74
2025-10-24 17:29:40.080876,192.168.29.181,192.168.29.1,17,74
2025-10-24 17:29:40.085310,192.168.29.181,192.168.29.1,17,74
2025-10-24 17:29:40.093641,192.168.29.1,192.168.29.181,17,354
2025-10-24 17:29:40.105542,192.168.29.1,192.168.29.181,17,246
2025-10-24 17:29:40.110297,192.168.29.1,192.168.29.181,17,275
2025-10-24 17:29:40.129703,18.164.237.3,192.168.29.181,6,502
2025-10-24 17:29:40.133650,192.168.29.181,192.168.29.1,17,70
2025-10-24 17:29:40.133650,192.168.29.181,192.168.29.1,17,70
2025-10-24 17:29:40.140454,192.168.29.181,192.168.29.1,17,70
2025-10-24 17:29:40.142459,192.168.29.181,104.208.16.92,6,166
2025-10-24 17:29:40.144463,192.168.29.181,104.208.16.92,6,1494
2025-10-24 17:29:40.144463,192.168.29.181,104.208.16.92,6,1494
2025-10-24 17:29:40.144463,192.168.29.181,104.208.16.92,6,1494
2025-10-24 17:29:40.160521,192.168.29.181,104.208.16.92,6,1494
2025-10-24 17:29:40.165096,192.168.29.181,104.208.16.92,6,1494
2025-10-24 17:29:40.165096,192.168.29.181,104.208.16.92,6,1304
2025-10-24 17:29:40.170233,131.253.33.203,192.168.29.181,6,54
2025-10-24 17:29:40.170233,131.253.33.203,192.168.29.181,6,153
2025-10-24 17:29:40.170233,192.168.29.181,104.208.16.95,6,66
2025-10-24 17:29:40.170233,192.168.29.181,131.253.33.203,6,1137
2025-10-24 17:29:40.180857,192.168.29.1,192.168.29.181,17,186
2025-10-24 17:29:40.180857,192.168.29.1,192.168.29.181,17,162
2025-10-24 17:29:40.188603,192.168.29.1,192.168.29.181,17,173
2025-10-24 17:29:40.188603,104.208.16.95,192.168.29.181,6,66
2025-10-24 17:29:40.191914,192.168.29.181,104.208.16.95,6,54
2025-10-24 17:29:40.193922,192.168.29.181,104.208.16.95,6,1494
2025-10-24 17:29:40.196939,192.168.29.181,104.208.16.95,6,415
2025-10-24 17:29:40.196939,192.168.29.181,18.164.237.3,6,54
2025-10-24 17:29:40.201234,192.168.29.181,104.208.16.95,6,66
2025-10-24 17:29:40.205063,192.168.29.181,104.208.16.95,6,66
2025-10-24 17:29:40.205063,20.190.146.32,192.168.29.181,6,1514
2025-10-24 17:29:40.209821,20.190.146.32,192.168.29.181,6,1514
2025-10-24 17:29:40.211848,20.190.146.32,192.168.29.181,6,1514
2025-10-24 17:29:40.215478,20.190.146.32,192.168.29.181,6,1514
2025-10-24 17:29:40.218530,20.190.146.32,192.168.29.181,6,1514
2025-10-24 17:29:40.221375,20.190.146.32,192.168.29.181,6,1514
2025-10-24 17:29:40.221375,20.190.146.32,192.168.29.181,6,1514
2025-10-24 17:29:40.221375,20.190.146.32,192.168.29.181,6,1514
2025-10-24 17:29:40.221375,192.168.29.181,20.190.146.32,6,54
2025-10-24 17:29:40.229077,20.190.146.32,192.168.29.181,6,1514
2025-10-24 17:29:40.229077,20.190.146.32,192.168.29.181,6,1514
2025-10-24 17:29:40.229077,20.190.146.32,192.168.29.181,6,1514
2025-10-24 17:29:40.229077,20.190.146.32,192.168.29.181,6,687
2025-10-24 17:29:40.235094,192.168.29.181,20.190.146.32,6,54
2025-10-24 17:29:40.235094,131.253.33.203,192.168.29.181,6,54
2025-10-24 17:29:40.243781,131.253.33.203,192.168.29.181,6,345
2025-10-24 17:29:40.244786,192.168.29.181,131.253.33.203,6,128
2025-10-24 17:29:40.246790,192.168.29.181,131.253.33.203,6,146
2025-10-24 17:29:40.248802,192.168.29.181,131.253.33.203,6,500
2025-10-24 17:29:40.328031,131.253.33.203,192.168.29.181,6,54
2025-10-24 17:29:40.332197,131.253.33.203,192.168.29.181,6,54
2025-10-24 17:29:40.334929,131.253.33.203,192.168.29.181,6,116
2025-10-24 17:29:40.337386,192.168.29.181,131.253.33.203,6,85
2025-10-24 17:29:40.406203,104.208.16.92,192.168.29.181,6,54
2025-10-24 17:29:40.409775,104.208.16.92,192.168.29.181,6,54
2025-10-24 17:29:40.411410,104.208.16.92,192.168.29.181,6,54
2025-10-24 17:29:40.416207,131.253.33.203,192.168.29.181,6,629
2025-10-24 17:29:40.420008,104.208.16.95,192.168.29.181,6,66
2025-10-24 17:29:40.420008,192.168.29.181,104.208.16.95,6,54
2025-10-24 17:29:40.429008,192.168.29.181,104.208.16.95,6,1494
2025-10-24 17:29:40.429008,192.168.29.181,104.208.16.95,6,415
2025-10-24 17:29:40.434641,192.168.29.181,131.253.33.203,6,66
2025-10-24 17:29:40.439904,104.208.16.95,192.168.29.181,6,54
2025-10-24 17:29:40.439904,104.208.16.95,192.168.29.181,6,153
2025-10-24 17:29:40.443067,192.168.29.181,104.208.16.95,6,701
2025-10-24 17:29:40.460655,192.168.29.181,131.253.33.203,6,54
2025-10-24 17:29:40.460655,104.208.16.95,192.168.29.181,6,66
2025-10-24 17:29:40.466948,192.168.29.181,104.208.16.95,6,54
2025-10-24 17:29:40.466948,192.168.29.181,104.208.16.95,6,1494
2025-10-24 17:29:40.466948,192.168.29.181,104.208.16.95,6,351
2025-10-24 17:29:40.466948,104.208.16.95,192.168.29.181,6,66
2025-10-24 17:29:40.466948,192.168.29.181,104.208.16.95,6,54
2025-10-24 17:29:40.476186,192.168.29.181,104.208.16.95,6,1494
2025-10-24 17:29:40.476186,192.168.29.181,104.208.16.95,6,383
2025-10-24 17:29:40.504832,131.253.33.203,192.168.29.181,6,66
2025-10-24 17:29:40.513923,192.168.29.181,131.253.33.203,6,54
2025-10-24 17:29:40.517945,192.168.29.181,131.253.33.203,6,1494
2025-10-24 17:29:40.517945,192.168.29.181,131.253.33.203,6,368
2025-10-24 17:29:40.551502,104.208.16.92,192.168.29.181,6,153
2025-10-24 17:29:40.558181,192.168.29.181,104.208.16.92,6,89
2025-10-24 17:29:40.590909,131.253.33.203,192.168.29.181,6,54
2025-10-24 17:29:40.592712,131.253.33.203,192.168.29.181,6,153
2025-10-24 17:29:40.598479,192.168.29.181,131.253.33.203,6,654
2025-10-24 17:29:40.623039,192.168.29.181,224.0.0.22,2,54
2025-10-24 17:29:40.677289,131.253.33.203,192.168.29.181,6,54
2025-10-24 17:29:40.679028,131.253.33.203,192.168.29.181,6,1514
2025-10-24 17:29:40.679028,131.253.33.203,192.168.29.181,6,1514
2025-10-24 17:29:40.683842,192.168.29.181,131.253.33.203,6,54
2025-10-24 17:29:40.685850,131.253.33.203,192.168.29.181,6,1514
2025-10-24 17:29:40.685850,131.253.33.203,192.168.29.181,6,1514
2025-10-24 17:29:40.692988,131.253.33.203,192.168.29.181,6,247
2025-10-24 17:29:40.694735,104.208.16.95,192.168.29.181,6,54
2025-10-24 17:29:40.694735,192.168.29.181,131.253.33.203,6,54
2025-10-24 17:29:40.701438,192.168.29.181,131.253.33.203,6,128
2025-10-24 17:29:40.705361,192.168.29.181,131.253.33.203,6,146
2025-10-24 17:29:40.707371,192.168.29.181,131.253.33.203,6,1494
2025-10-24 17:29:40.710383,192.168.29.181,131.253.33.203,6,1494
2025-10-24 17:29:40.716403,192.168.29.181,131.253.33.203,6,1494
2025-10-24 17:29:40.720419,192.168.29.181,131.253.33.203,6,1494
2025-10-24 17:29:40.722427,192.168.29.181,131.253.33.203,6,967
2025-10-24 17:29:40.731950,192.168.29.181,131.253.33.203,6,1494
2025-10-24 17:29:40.742925,192.168.29.181,131.253.33.203,6,1494
2025-10-24 17:29:40.745757,192.168.29.181,131.253.33.203,6,1494
2025-10-24 17:29:40.752558,192.168.29.181,131.253.33.203,6,534
2025-10-24 17:29:40.799048,104.208.16.95,192.168.29.181,6,153
2025-10-24 17:29:40.806767,192.168.29.181,104.208.16.95,6,701
2025-10-24 17:29:40.813786,104.208.16.95,192.168.29.181,6,1514
2025-10-24 17:29:40.817990,104.208.16.95,192.168.29.181,6,1514
2025-10-24 17:29:40.826662,192.168.29.181,104.208.16.95,6,54
2025-10-24 17:29:40.836945,104.208.16.95,192.168.29.181,6,1514
2025-10-24 17:29:40.845217,104.208.16.95,192.168.29.181,6,1514
2025-10-24 17:29:40.852887,192.168.29.181,104.208.16.95,6,54
2025-10-24 17:29:40.867613,104.208.16.95,192.168.29.181,6,579
2025-10-24 17:29:40.888709,192.168.29.181,104.208.16.95,6,128
2025-10-24 17:29:40.894233,192.168.29.181,104.208.16.95,6,54
2025-10-24 17:29:40.898247,192.168.29.181,104.208.16.95,6,54
2025-10-24 17:29:40.900613,192.168.29.181,104.208.16.95,6,146
2025-10-24 17:29:40.900613,192.168.29.181,104.208.16.95,6,1494
2025-10-24 17:29:40.900613,192.168.29.181,104.208.16.95,6,1494
2025-10-24 17:29:40.900613,192.168.29.181,104.208.16.95,6,1293
2025-10-24 17:29:40.913319,192.168.29.181,104.208.16.95,6,1494
2025-10-24 17:29:40.916343,192.168.29.181,104.208.16.95,6,1494
2025-10-24 17:29:40.922384,192.168.29.181,104.208.16.95,6,1302
2025-10-24 17:29:40.931503,192.168.29.181,104.208.16.95,6,1494
2025-10-24 17:29:40.934302,192.168.29.181,104.208.16.95,6,1494
2025-10-24 17:29:40.938416,192.168.29.181,104.208.16.95,6,1293
2025-10-24 17:29:40.938416,192.168.29.181,104.208.16.95,6,1494
2025-10-24 17:29:40.944409,192.168.29.181,104.208.16.95,6,1494
2025-10-24 17:29:40.947141,192.168.29.181,104.208.16.95,6,1326
2025-10-24 17:29:40.954090,104.208.16.95,192.168.29.181,6,54
2025-10-24 17:29:40.956097,104.208.16.95,192.168.29.181,6,54
2025-10-24 17:29:40.956097,104.208.16.95,192.168.29.181,6,153
2025-10-24 17:29:40.956097,192.168.29.181,104.208.16.95,6,669
2025-10-24 17:29:40.963703,192.168.29.181,192.168.29.1,17,72
2025-10-24 17:29:40.967788,192.168.29.181,192.168.29.1,17,72
2025-10-24 17:29:40.967788,192.168.29.181,192.168.29.1,17,72
2025-10-24 17:29:40.967788,104.208.16.95,192.168.29.181,6,153
2025-10-24 17:29:40.967788,192.168.29.181,104.208.16.95,6,54
2025-10-24 17:29:40.981083,131.253.33.203,192.168.29.181,6,54
2025-10-24 17:29:40.984318,131.253.33.203,192.168.29.181,6,513
2025-10-24 17:29:40.987913,131.253.33.203,192.168.29.181,6,116
2025-10-24 17:29:40.989998,192.168.29.181,131.253.33.203,6,54
2025-10-24 17:29:40.992120,131.253.33.203,192.168.29.181,6,54
2025-10-24 17:29:40.994287,192.168.29.181,131.253.33.203,6,85
2025-10-24 17:29:40.994287,131.253.33.203,192.168.29.181,6,85
2025-10-24 17:29:40.994287,131.253.33.203,192.168.29.181,6,54
2025-10-24 17:29:41.000440,131.253.33.203,192.168.29.181,6,54
2025-10-24 17:29:41.002446,131.253.33.203,192.168.29.181,6,54
2025-10-24 17:29:41.006459,192.168.29.1,192.168.29.181,17,333
2025-10-24 17:29:41.006459,192.168.29.1,192.168.29.181,17,337
2025-10-24 17:29:41.014358,192.168.29.1,192.168.29.181,17,254
2025-10-24 17:29:41.020870,192.168.29.181,131.253.33.203,6,54
2025-10-24 17:29:41.024885,131.253.33.203,192.168.29.181,6,54
2025-10-24 17:29:41.031066,192.168.29.181,192.168.29.1,17,70
2025-10-24 17:29:41.031066,192.168.29.181,192.168.29.1,17,70
2025-10-24 17:29:41.035271,192.168.29.181,192.168.29.1,17,70
2025-10-24 17:29:41.039287,192.168.29.1,192.168.29.181,17,247
2025-10-24 17:29:41.041294,192.168.29.1,192.168.29.181,17,326
2025-10-24 17:29:41.041294,192.168.29.1,192.168.29.181,17,330
2025-10-24 17:29:41.046722,192.168.29.181,192.168.29.1,17,76
2025-10-24 17:29:41.046722,192.168.29.181,192.168.29.1,17,76
2025-10-24 17:29:41.046722,192.168.29.181,192.168.29.1,17,76
2025-10-24 17:29:41.046722,192.168.29.181,192.168.29.1,17,72
2025-10-24 17:29:41.062650,192.168.29.181,192.168.29.1,17,72
2025-10-24 17:29:41.062650,192.168.29.181,192.168.29.1,17,72
2025-10-24 17:29:41.062650,192.168.29.1,192.168.29.181,17,197
2025-10-24 17:29:41.079666,192.168.29.1,192.168.29.181,17,156
2025-10-24 17:29:41.095880,192.168.29.1,192.168.29.181,17,183
2025-10-24 17:29:41.102181,192.168.29.181,204.79.197.219,6,66
2025-10-24 17:29:41.102181,192.168.29.181,204.79.197.219,6,66
2025-10-24 17:29:41.110867,192.168.29.1,192.168.29.181,17,333
2025-10-24 17:29:41.110867,192.168.29.1,192.168.29.181,17,337
2025-10-24 17:29:41.121254,192.168.29.1,192.168.29.181,17,254
2025-10-24 17:29:41.127833,204.79.197.219,192.168.29.181,6,66
2025-10-24 17:29:41.137033,192.168.29.181,204.79.197.219,6,54
2025-10-24 17:29:41.141924,192.168.29.181,204.79.197.219,6,1494
2025-10-24 17:29:41.150267,192.168.29.181,204.79.197.219,6,436
2025-10-24 17:29:41.153502,204.79.197.219,192.168.29.181,6,66
2025-10-24 17:29:41.160261,192.168.29.181,204.79.197.219,6,54
2025-10-24 17:29:41.168994,192.168.29.181,204.79.197.219,6,1494
2025-10-24 17:29:41.174696,192.168.29.181,204.79.197.219,6,372
2025-10-24 17:29:41.176555,104.208.16.92,192.168.29.181,6,54
2025-10-24 17:29:41.191735,204.79.197.219,192.168.29.181,6,54
2025-10-24 17:29:41.199531,204.79.197.219,192.168.29.181,6,54
2025-10-24 17:29:41.202720,204.79.197.219,192.168.29.181,6,153
2025-10-24 17:29:41.211593,204.79.197.219,192.168.29.181,6,54
2025-10-24 17:29:41.211593,192.168.29.181,204.79.197.219,6,722
2025-10-24 17:29:41.219037,204.79.197.219,192.168.29.181,6,54
2025-10-24 17:29:41.225176,204.79.197.219,192.168.29.181,6,153
2025-10-24 17:29:41.233301,192.168.29.181,204.79.197.219,6,658
2025-10-24 17:29:41.244553,204.79.197.219,192.168.29.181,6,54
2025-10-24 17:29:41.250052,204.79.197.219,192.168.29.181,6,54
2025-10-24 17:29:41.252482,204.79.197.219,192.168.29.181,6,1514
2025-10-24 17:29:41.264317,204.79.197.219,192.168.29.181,6,1514
2025-10-24 17:29:41.277423,192.168.29.181,204.79.197.219,6,54
2025-10-24 17:29:41.297747,204.79.197.219,192.168.29.181,6,1514
2025-10-24 17:29:41.312920,204.79.197.219,192.168.29.181,6,1514
2025-10-24 17:29:41.323261,204.79.197.219,192.168.29.181,6,275
2025-10-24 17:29:41.333272,192.168.29.181,204.79.197.219,6,54
2025-10-24 17:29:41.344841,204.79.197.219,192.168.29.181,6,1514
2025-10-24 17:29:41.355004,204.79.197.219,192.168.29.181,6,1514
2025-10-24 17:29:41.361001,204.79.197.219,192.168.29.181,6,1514
2025-10-24 17:29:41.371580,204.79.197.219,192.168.29.181,6,1514
2025-10-24 17:29:41.376237,204.79.197.219,192.168.29.181,6,275
2025-10-24 17:29:41.379699,192.168.29.181,204.79.197.219,6,54
2025-10-24 17:29:41.392841,192.168.29.181,204.79.197.219,6,128
2025-10-24 17:29:41.398949,192.168.29.181,204.79.197.219,6,128
2025-10-24 17:29:41.411132,204.79.197.219,192.168.29.181,6,54
2025-10-24 17:29:41.418635,204.79.197.219,192.168.29.181,6,513
2025-10-24 17:29:41.429695,204.79.197.219,192.168.29.181,6,116
2025-10-24 17:29:41.433477,204.79.197.219,192.168.29.181,6,54
2025-10-24 17:29:41.436398,204.79.197.219,192.168.29.181,6,513
2025-10-24 17:29:41.439146,204.79.197.219,192.168.29.181,6,116
2025-10-24 17:29:41.443599,104.208.16.95,192.168.29.181,6,1514
2025-10-24 17:29:41.443599,192.168.29.181,104.208.16.95,6,54
2025-10-24 17:29:41.443599,192.168.29.181,204.79.197.219,6,54
2025-10-24 17:29:41.448849,192.168.29.181,204.79.197.219,6,54
2025-10-24 17:29:41.450862,104.208.16.95,192.168.29.181,6,1514
2025-10-24 17:29:41.458657,104.208.16.95,192.168.29.181,6,1514
2025-10-24 17:29:41.458657,104.208.16.95,192.168.29.181,6,1514
2025-10-24 17:29:41.458657,104.208.16.95,192.168.29.181,6,579
2025-10-24 17:29:41.469784,104.208.16.95,192.168.29.181,6,157
2025-10-24 17:29:41.472801,104.208.16.95,192.168.29.181,6,116
2025-10-24 17:29:41.474678,104.208.16.95,192.168.29.181,6,54
2025-10-24 17:29:41.474678,104.208.16.95,192.168.29.181,6,85
2025-10-24 17:29:41.474678,192.168.29.181,104.208.16.95,6,1494
2025-10-24 17:29:41.481113,192.168.29.181,104.208.16.95,6,1494
2025-10-24 17:29:41.485007,192.168.29.181,104.208.16.95,6,1494
2025-10-24 17:29:41.485007,192.168.29.181,104.208.16.95,6,1494
2025-10-24 17:29:41.485007,192.168.29.181,104.208.16.95,6,1494
2025-10-24 17:29:41.491178,192.168.29.181,104.208.16.95,6,1494
2025-10-24 17:29:41.491178,192.168.29.181,104.208.16.95,6,1494
2025-10-24 17:29:41.491178,192.168.29.181,104.208.16.95,6,1494
2025-10-24 17:29:41.497535,192.168.29.181,104.208.16.95,6,1494
2025-10-24 17:29:41.500750,192.168.29.181,104.208.16.95,6,1494
2025-10-24 17:29:41.504798,104.208.16.95,192.168.29.181,6,54
2025-10-24 17:29:41.505678,192.168.29.181,104.208.16.95,6,1494
2025-10-24 17:29:41.507793,192.168.29.181,104.208.16.95,6,1494
2025-10-24 17:29:41.511095,192.168.29.181,104.208.16.95,6,1494
2025-10-24 17:29:41.513103,104.208.16.95,192.168.29.181,6,54
2025-10-24 17:29:41.516118,104.208.16.95,192.168.29.181,6,54
2025-10-24 17:29:41.518124,192.168.29.181,104.208.16.95,6,1494
2025-10-24 17:29:41.520130,192.168.29.181,104.208.16.95,6,1494
2025-10-24 17:29:41.522135,192.168.29.181,104.208.16.95,6,1494
2025-10-24 17:29:41.524141,192.168.29.181,104.208.16.95,6,1494
2025-10-24 17:29:41.526150,192.168.29.181,104.208.16.95,6,1494
2025-10-24 17:29:41.528161,192.168.29.181,104.208.16.95,6,1494
2025-10-24 17:29:41.530171,192.168.29.181,104.208.16.95,6,1494
2025-10-24 17:29:41.532842,192.168.29.181,104.208.16.95,6,1494
2025-10-24 17:29:41.532842,192.168.29.181,104.208.16.95,6,1494
2025-10-24 17:29:41.532842,192.168.29.181,104.208.16.95,6,1494
2025-10-24 17:29:41.538381,104.208.16.95,192.168.29.181,6,1514
2025-10-24 17:29:41.541168,104.208.16.95,192.168.29.181,6,1514
2025-10-24 17:29:41.541168,192.168.29.181,104.208.16.95,6,54
2025-10-24 17:29:41.541168,104.208.16.95,192.168.29.181,6,1514
2025-10-24 17:29:41.546420,104.208.16.95,192.168.29.181,6,1514
2025-10-24 17:29:41.549423,104.208.16.95,192.168.29.181,6,579
2025-10-24 17:29:41.552913,104.208.16.95,192.168.29.181,6,54
2025-10-24 17:29:41.554653,192.168.29.181,104.208.16.95,6,54
2025-10-24 17:29:41.557732,192.168.29.181,104.208.16.95,6,128
2025-10-24 17:29:41.571605,131.253.33.203,192.168.29.181,6,970
2025-10-24 17:29:41.575039,131.253.33.203,192.168.29.181,6,1514
2025-10-24 17:29:41.579642,131.253.33.203,192.168.29.181,6,1491
2025-10-24 17:29:41.582819,131.253.33.203,192.168.29.181,6,689
2025-10-24 17:29:41.582819,131.253.33.203,192.168.29.181,6,737
2025-10-24 17:29:41.587909,131.253.33.203,192.168.29.181,6,1514
2025-10-24 17:29:41.589917,131.253.33.203,192.168.29.181,6,1514
2025-10-24 17:29:41.591112,131.253.33.203,192.168.29.181,6,547
2025-10-24 17:29:41.591112,131.253.33.203,192.168.29.181,6,793
2025-10-24 17:29:41.596279,131.253.33.203,192.168.29.181,6,505
2025-10-24 17:29:41.604454,192.168.29.181,131.253.33.203,6,54
2025-10-24 17:29:41.620820,131.253.33.203,192.168.29.181,6,1514
2025-10-24 17:29:41.620820,131.253.33.203,192.168.29.181,6,1514
2025-10-24 17:29:41.624663,131.253.33.203,192.168.29.181,6,779
2025-10-24 17:29:41.626998,131.253.33.203,192.168.29.181,6,327
2025-10-24 17:29:41.626998,131.253.33.203,192.168.29.181,6,1514
2025-10-24 17:29:41.626998,131.253.33.203,192.168.29.181,6,1514
2025-10-24 17:29:41.632548,131.253.33.203,192.168.29.181,6,251
2025-10-24 17:29:41.637736,192.168.29.181,131.253.33.203,6,54
2025-10-24 17:29:41.639740,131.253.33.203,192.168.29.181,6,86
2025-10-24 17:29:41.641111,131.253.33.203,192.168.29.181,6,85
2025-10-24 17:29:41.643301,192.168.29.181,131.253.33.203,6,54
2025-10-24 17:29:41.650667,104.208.16.95,192.168.29.181,6,54
2025-10-24 17:29:41.650667,104.208.16.95,192.168.29.181,6,54
2025-10-24 17:29:41.657738,192.168.29.181,104.208.16.95,6,1494
2025-10-24 17:29:41.657738,192.168.29.181,104.208.16.95,6,1494
2025-10-24 17:29:41.657738,192.168.29.181,104.208.16.95,6,1494
2025-10-24 17:29:41.657738,192.168.29.181,104.208.16.95,6,1494
2025-10-24 17:29:41.665950,192.168.29.181,104.208.16.95,6,1494
2025-10-24 17:29:41.665950,192.168.29.181,104.208.16.95,6,1494
2025-10-24 17:29:41.665950,192.168.29.181,104.208.16.95,6,1494
2025-10-24 17:29:41.665950,192.168.29.181,104.208.16.95,6,1494
2025-10-24 17:29:41.674390,104.208.16.95,192.168.29.181,6,54
2025-10-24 17:29:41.676293,192.168.29.181,104.208.16.95,6,1494
2025-10-24 17:29:41.678310,192.168.29.181,104.208.16.95,6,1494
2025-10-24 17:29:41.680313,192.168.29.181,104.208.16.95,6,1494
2025-10-24 17:29:41.685310,192.168.29.181,104.208.16.95,6,1494
2025-10-24 17:29:41.685631,104.208.16.95,192.168.29.181,6,655
2025-10-24 17:29:41.685631,104.208.16.95,192.168.29.181,6,54
2025-10-24 17:29:41.691806,104.208.16.95,192.168.29.181,6,54
2025-10-24 17:29:41.691806,104.208.16.95,192.168.29.181,6,54
2025-10-24 17:29:41.691806,104.208.16.95,192.168.29.181,6,54
2025-10-24 17:29:41.691806,104.208.16.95,192.168.29.181,6,54
2025-10-24 17:29:41.702633,104.208.16.95,192.168.29.181,6,54
2025-10-24 17:29:41.710467,192.168.29.181,104.208.16.95,6,1494
2025-10-24 17:29:41.712474,192.168.29.181,104.208.16.95,6,768
2025-10-24 17:29:41.714790,104.208.16.95,192.168.29.181,6,232
2025-10-24 17:29:41.715681,104.208.16.95,192.168.29.181,6,54
2025-10-24 17:29:41.715681,104.208.16.95,192.168.29.181,6,54
2025-10-24 17:29:41.715681,192.168.29.181,104.208.16.95,6,54
2025-10-24 17:29:41.715681,192.168.29.181,192.168.29.1,17,71
2025-10-24 17:29:41.724018,192.168.29.181,192.168.29.1,17,71
2025-10-24 17:29:41.727081,192.168.29.181,192.168.29.1,17,71
2025-10-24 17:29:41.730991,192.168.29.1,192.168.29.181,17,328
2025-10-24 17:29:41.732434,192.168.29.1,192.168.29.181,17,332
2025-10-24 17:29:41.732434,192.168.29.1,192.168.29.181,17,249
2025-10-24 17:29:41.740155,104.208.16.95,192.168.29.181,6,157
2025-10-24 17:29:41.740155,104.208.16.95,192.168.29.181,6,116
